/nextflow           https://www.nextflow.io/docs/latest/ 301!

# Fix top nav 404 for Cloud and Enterprise after index page rename
/platform-cloud   /platform-cloud/platform-cloud 301
/platform-enterprise/:version   /platform-enterprise/:version/platform-enterprise 301

# Add redirects to account for Wave docs refresh
/wave/cli/install   /wave/cli               301
/wave/guide         /wave/nextflow          301

# Add redirects to account for version renaming
/platform/24.1.1/enterprise/*  /platform-enterprise/24.1/enterprise/:splat   301
/platform/23.4.0/enterprise/*  /platform-enterprise/23.4/enterprise/:splat   301
/platform/23.3.0/enterprise/*  /platform-enterprise/23.3/enterprise/:splat   301
/platform/23.2.0/enterprise/*  /platform-enterprise/23.2/enterprise/:splat   301
/platform/23.1.0/enterprise/*  /platform-enterprise/23.1/enterprise/:splat   301
/platform/22.4.0/enterprise/*  /platform-enterprise/22.4/enterprise/:splat   301

/platform/24.1.1/*  /platform-cloud/:splat   301
/platform/23.4.0/*  /platform-cloud/:splat   301
/platform/23.3.0/*  /platform-cloud/:splat   301
/platform/23.2.0/*  /platform-cloud/:splat   301
/platform/23.1.0/*  /platform-cloud/:splat   301
/platform/22.4.0/*  /platform-cloud/:splat   301

# Redirect from old FAQ to new FAQ
/platform/24.1/faqs/*  /platform-cloud/troubleshooting_and_faqs/troubleshooting/:splat   301
/platform/24.2/faqs/*  /platform-cloud/troubleshooting_and_faqs/troubleshooting/:splat   301

# Data Studios redirect
/platform/:version/data_studios/*    /platform-cloud/studios/:splat  301
/platform-cloud/data_studios/*   /platform-cloud/studios/:splat 301

# Redirect to fix temporarily broken URL in UI
/platform/:version/data/data_studios   /platform-cloud/studios/  301

# Remove version from /platform-cloud paths
/platform-cloud/:version/*    /platform-cloud/:splat

# Redirect old docs URLs to new (Enterprise or Cloud) docs URLs
/platform/:version/enterprise/*   /platform-enterprise/:version/enterprise/:splat   301
/platform/:version/*    /platform-cloud/:splat
/platform/*   /platform-cloud/:splat

# Redirect from orphan Fusion page
/fusion/guide  /fusion 301

# Redirect Google Life Sciences page
/platform-cloud/compute-envs/google-cloud-lifesciences   /platform-cloud/compute-envs/overview   301

#Redirect platform-api to intro page
/platform-api                              /platform-api/info/seqera-api   301
/platform-enterprise/:version/api/overview  /platform-api/info/seqera-api   301
/platform-cloud/api/overview                /platform-api/info/seqera-api   301

